Centroids,  lost, People, died, Zika, Fisher, International, your, publicist, first,No. Articles
centroid0,0,0.13636,0.22727,22.72727,4.36364,3.04545,2.09091,0,1.68182,22
centroid1,5.65574,5.5847,5.39344,0.19672,1.65027,1.16393,1.24044,1.44809,1.22951,183